GPU,Score,MSRP,GPUClock,VRAMClock,SP,TMU,ROP,VRAM,Memory Type,NM,Transistors,Year,Generation,Config
Arc B580,3075,249,2670,19,2560,160,80,12,GDDR6,5,19.6,2024,B,242.6470588
Arc B570,2656,219,2500,19,2304,144,80,10,GDDR6,5,19.6,2025,B,230.8823529
Arc A770,2975,329,2100,17,4096,256,128,8,GDDR6,6,21.7,2022,A,388.2352941
Arc A750,2615,289,2050,16,3584,224,96,8,GDDR6,6,21.7,2022,A,314.7058824
Arc A580,2224,179,1700,16,3072,192,96,8,GDDR6,6,21.7,2023,A,291.1764706